{
  "train_loss": [
    1.1875814199447632,
    0.6594088092082884,
    0.4960207626587007,
    0.39820527230821007,
    0.36239639724173195,
    0.3340526397635297,
    0.32181613837800377,
    0.31389925538039787,
    0.2998911218672264,
    0.3134317190908804,
    0.29913612764056136,
    0.3019821840088542,
    0.31515463932258325,
    0.3304997141041407,
    0.30642509751203584,
    0.3160388386104165,
    0.28815801187259393,
    0.28529844560274265,
    0.284046990842354,
    0.27387117758029844
  ],
  "train_iou": [
    0.27518707655884433,
    0.3488803838404778,
    0.38437630889985697,
    0.39998205804634407,
    0.4183132333319171,
    0.43725052341243287,
    0.44112851954857896,
    0.4479813366686192,
    0.4765242969615464,
    0.4897346045855185,
    0.47699102405711485,
    0.4791071079337699,
    0.4627887712693966,
    0.443287100730006,
    0.4531009221042277,
    0.4650268834646465,
    0.49170229259475917,
    0.5144440495425876,
    0.5079307350766368,
    0.5177013780669192
  ],
  "train_dice": [
    0.36486731051218624,
    0.42004203119184763,
    0.4485434026620778,
    0.45219053321285535,
    0.4691834585885623,
    0.4836075127512408,
    0.48862068611423976,
    0.4994217843277263,
    0.5308960977074286,
    0.5483469510453611,
    0.5323518360965506,
    0.5367567818216421,
    0.5130134556492556,
    0.4983270125972136,
    0.5003004176094126,
    0.5212186540505452,
    0.5509253555100394,
    0.5796986626815674,
    0.5715172106532235,
    0.5826804571404968
  ],
  "train_pixel_acc": [
    0.6067025776583499,
    0.760186825301767,
    0.8140827215032356,
    0.8454091597576532,
    0.855464618202464,
    0.8810807907385516,
    0.8845918464565703,
    0.8824644568193131,
    0.9004838334914759,
    0.8985626691606522,
    0.8961478765477228,
    0.8962542095725485,
    0.8877502411025385,
    0.8694949874004483,
    0.8918171451126182,
    0.8857743912160897,
    0.9052595838259085,
    0.9091601222234321,
    0.9107904809217893,
    0.9122950628422098
  ],
  "val_loss": [
    1.6088293357328936,
    0.9078222838315096,
    0.5975350060246207,
    0.602108047767119,
    0.43779477206143463,
    0.404561999169263,
    0.45710900696841156,
    0.40534545887600293,
    0.3843625675548207,
    0.39662686261263763,
    0.3745321726257151,
    0.47037013552405615,
    0.38672051375562494,
    0.37125071612271393,
    0.5009601793505929,
    0.41968092593279754,
    0.4327417571436275,
    0.3840187002312053,
    0.3029542863368988,
    0.3090779794888063
  ],
  "val_iou": [
    0.2053449525897698,
    0.2856204927827562,
    0.3473901811655045,
    0.32761502482500265,
    0.3737220387805005,
    0.40529444769518636,
    0.4049667264325606,
    0.4199268906575679,
    0.4165079406405629,
    0.4365295035033128,
    0.4207505453139749,
    0.38626886964697343,
    0.37918696978624483,
    0.41242445731582544,
    0.3834668304163069,
    0.4102379136667302,
    0.45374286343808695,
    0.4561859565206035,
    0.47920654860632195,
    0.47878413475134673
  ],
  "val_dice": [
    0.2973853034009846,
    0.36749540919159357,
    0.4134122583719033,
    0.4032952874598949,
    0.4286076846512015,
    0.4656009845516715,
    0.46566193605727546,
    0.4738251871365708,
    0.4793845193766572,
    0.49240824955617213,
    0.4750024469494884,
    0.44463245060419143,
    0.4387597773310525,
    0.4718716011430424,
    0.4362273544740891,
    0.47323228776054105,
    0.5244908056640715,
    0.530307777079778,
    0.5485787293110939,
    0.5452533773540353
  ],
  "val_pixel_acc": [
    0.48162196341604824,
    0.6626261921672078,
    0.7606144552991652,
    0.7180325255102041,
    0.8012409953327922,
    0.8313545411062152,
    0.8069228135146104,
    0.8517504746927179,
    0.8284538424744898,
    0.8593238165294527,
    0.8531514523423005,
    0.8037417381725418,
    0.8121195211038963,
    0.8262389117578851,
    0.8165915069863172,
    0.8139222663497215,
    0.8333624731852969,
    0.8429885892567253,
    0.8876482055890538,
    0.8830711350591373
  ],
  "learning_rates": [
    0.0001,
    9.755282581475769e-05,
    9.045084971874738e-05,
    7.938926261462366e-05,
    6.545084971874738e-05,
    5e-05,
    3.4549150281252636e-05,
    2.061073738537635e-05,
    9.549150281252633e-06,
    2.4471741852423237e-06,
    0.0001,
    9.755282581475769e-05,
    9.045084971874738e-05,
    7.938926261462366e-05,
    6.545084971874738e-05,
    5e-05,
    3.4549150281252636e-05,
    2.061073738537635e-05,
    9.549150281252633e-06,
    2.4471741852423237e-06
  ]
}