{
  "accuracy": 0.8132493425123762,
  "mean_iou": 0.4282179881357321,
  "per_class_iou": {
    "Background": 0.7480336607364853,
    "1 Layer": 0.06336923559552442,
    "2 Layers": 0.11573243505632307,
    "3+ Layers": 0.7857366211545956
  },
  "confusion_matrix": [
    [
      4070583,
      168366,
      314221,
      524344
    ],
    [
      210372,
      43026,
      46345,
      174291
    ],
    [
      41769,
      9926,
      88572,
      129121
    ],
    [
      112056,
      26647,
      135363,
      4040550
    ]
  ]
}